Разработка сайтов,Головоломки
Квест-комнаты,Паззлы,Кулинария
Охота,Театр
Гольф,Мыловарение,Массаж
Фокусы,Рукоделия из кожи
Музеи и выставки,Кладоискательство и археология
Игра на музыкальных инструментах,Иностранные языки
Файер-шоу,Горные лыжи,Мыловарение
Исторические реконструкции
Гербарий,Шитье и вышивание
Иностранные языки
Косплей
Выращивание кристаллов
Лошади,Шитье и вышивание
Игра на музыкальных инструментах
Фотография и фотокниги,Шитье и вышивание
Радиовещание
Шитье и вышивание,Паззлы,Блоггерство
Паркур,Бонсай
Боевые искусства,Спорт-фанат,Серфинг
Психология и тренинги,Программирование,Массаж
Открытки
